fold,f1_macro_doc2vec,accuracy_doc2vec,f1_application_doc2vec,f1_helper_doc2vec,f1_extender_doc2vec,chosen_model_doc2vec,best_params_doc2vec,best_cv_score_doc2vec,inner_score_doc2vec_rf,inner_score_doc2vec_logreg,inner_score_doc2vec_xgboost,f1_macro_sbert,accuracy_sbert,f1_application_sbert,f1_helper_sbert,f1_extender_sbert,chosen_model_sbert,best_params_sbert,best_cv_score_sbert,inner_score_sbert_rf,inner_score_sbert_logreg,inner_score_sbert_xgboost,f1_macro_codebert,accuracy_codebert,f1_application_codebert,f1_helper_codebert,f1_extender_codebert,chosen_model_codebert,best_params_codebert,best_cv_score_codebert,inner_score_codebert_rf,inner_score_codebert_logreg,inner_score_codebert_xgboost
0,0.5481810862892843,0.7289204097714737,0.7436708860759493,0.7527242246437552,0.14814814814814814,xgboost,"{""learning_rate"": 0.1, ""max_depth"": 6, ""n_estimators"": 300}",0.5996252787860048,0.5571636099872315,0.5468479681004773,0.5996252787860048,0.6224156206909788,0.7525610717100079,0.7636655948553055,0.7702479338842976,0.3333333333333333,xgboost,"{""learning_rate"": 0.1, ""max_depth"": 6, ""n_estimators"": 300}",0.6197681300564974,0.6029227869801786,0.55170221421741,0.6197681300564974,0.5399007569420274,0.6619385342789598,0.696763202725724,0.7293906810035843,0.1935483870967742,logreg,"{""C"": 1.0, ""max_iter"": 1000}",0.5786733960555105,0.5423236462645972,0.5786733960555105,0.5761100558873566
1,0.6045315573006272,0.7438928289992119,0.7586206896551724,0.7586776859504132,0.2962962962962963,xgboost,"{""learning_rate"": 0.1, ""max_depth"": 6, ""n_estimators"": 300}",0.5942934298301626,0.5599705907891298,0.5407051781140935,0.5942934298301626,0.6441753747714595,0.7375886524822695,0.7523809523809524,0.7453625632377741,0.43478260869565216,xgboost,"{""learning_rate"": 0.05, ""max_depth"": 6, ""n_estimators"": 300}",0.6196236700577579,0.6053461378592696,0.553464675371993,0.6196236700577579,0.5820258904868122,0.7013396375098503,0.7286432160804021,0.7557522123893805,0.2616822429906542,logreg,"{""C"": 10.0, ""max_iter"": 1000}",0.5787335583235029,0.5372951486531842,0.5787335583235029,0.5774748209593155
2,0.5650161773429411,0.7368006304176516,0.7609213661636219,0.7523089840470193,0.18181818181818182,xgboost,"{""learning_rate"": 0.1, ""max_depth"": 6, ""n_estimators"": 300}",0.5884351913357159,0.5504890898058709,0.5396575469824529,0.5884351913357159,0.6887610915551031,0.75177304964539,0.7654901960784314,0.7534246575342466,0.5473684210526316,xgboost,"{""learning_rate"": 0.1, ""max_depth"": 6, ""n_estimators"": 300}",0.60598216366118,0.5951871188844222,0.5438408806384436,0.60598216366118,0.5976971011420259,0.7029156816390859,0.7335581787521079,0.7447183098591549,0.3148148148148148,logreg,"{""C"": 10.0, ""max_iter"": 1000}",0.5815063056201255,0.5364279339213542,0.5815063056201255,0.5731516593308813
3,0.6137093346888428,0.7336485421591804,0.7457898957497995,0.7512520868113522,0.34408602150537637,xgboost,"{""learning_rate"": 0.1, ""max_depth"": 6, ""n_estimators"": 300}",0.5959479873200074,0.5587824318470416,0.5459865866830501,0.5959479873200074,0.6427164808784862,0.7289204097714737,0.7438148443735035,0.7377326565143824,0.44660194174757284,xgboost,"{""learning_rate"": 0.05, ""max_depth"": 6, ""n_estimators"": 300}",0.6138850622154118,0.5989879281243043,0.5502617348380402,0.6138850622154118,0.5860608425125068,0.6879432624113475,0.725311203319502,0.7170818505338078,0.3157894736842105,logreg,"{""C"": 10.0, ""max_iter"": 1000}",0.5747734626518916,0.5444926900326853,0.5747734626518916,0.5685491614934348
4,0.5863518149389052,0.7438928289992119,0.7654901960784314,0.761986301369863,0.23157894736842105,xgboost,"{""learning_rate"": 0.1, ""max_depth"": 6, ""n_estimators"": 300}",0.5836308572317167,0.5538431902848727,0.5429385727771794,0.5836308572317167,0.6439204765678214,0.7415287628053585,0.7621247113163973,0.7441048034934498,0.425531914893617,xgboost,"{""learning_rate"": 0.1, ""max_depth"": 6, ""n_estimators"": 300}",0.6070162038054987,0.5908410994407667,0.5520885073446429,0.6070162038054987,0.5615885021687861,0.6666666666666666,0.6900085397096499,0.7204206836108676,0.2743362831858407,logreg,"{""C"": 10.0, ""max_iter"": 1000}",0.578328290764381,0.5322836494131447,0.578328290764381,0.5693984992882627
5,0.6112691500829017,0.75177304964539,0.770096463022508,0.7689741451209341,0.29473684210526313,xgboost,"{""learning_rate"": 0.1, ""max_depth"": 6, ""n_estimators"": 300}",0.5994051289746742,0.5642346862718786,0.541670828429506,0.5994051289746742,0.6143961010792798,0.7501970055161544,0.7658536585365854,0.7640816326530612,0.3132530120481928,xgboost,"{""learning_rate"": 0.1, ""max_depth"": 6, ""n_estimators"": 300}",0.6214439396678137,0.6018661657304987,0.5555545987764734,0.6214439396678137,0.5584417906593638,0.677698975571316,0.7186147186147186,0.7307692307692307,0.22594142259414227,logreg,"{""C"": 10.0, ""max_iter"": 1000}",0.5830159808859693,0.5443674323875018,0.5830159808859693,0.5813909108040184
6,0.604226038566841,0.7462568951930654,0.7530364372469636,0.7739273927392739,0.2857142857142857,xgboost,"{""learning_rate"": 0.1, ""max_depth"": 6, ""n_estimators"": 300}",0.595431910627883,0.5631600544346469,0.5385637968836292,0.595431910627883,0.6352098104793757,0.7438928289992119,0.7568,0.7575250836120402,0.391304347826087,xgboost,"{""learning_rate"": 0.05, ""max_depth"": 6, ""n_estimators"": 300}",0.6099836509917947,0.5942605083224006,0.5474328029673149,0.6099836509917947,0.5836014169330069,0.6997635933806147,0.7338003502626971,0.7491467576791809,0.26785714285714285,logreg,"{""C"": 10.0, ""max_iter"": 1000}",0.5836613463147257,0.5339167562905149,0.5836613463147257,0.5787077955720322
7,0.5610649288519586,0.7407407407407407,0.7642526964560863,0.7580225498699046,0.16091954022988506,xgboost,"{""learning_rate"": 0.1, ""max_depth"": 6, ""n_estimators"": 300}",0.5852253422976007,0.5596355637247866,0.5400662279486439,0.5852253422976007,0.6141203699714438,0.7423167848699763,0.7601880877742947,0.7527612574341547,0.32941176470588235,xgboost,"{""learning_rate"": 0.1, ""max_depth"": 6, ""n_estimators"": 300}",0.6211099629527942,0.6033624636626482,0.5569996152191818,0.6211099629527942,0.5960899166121175,0.698187549251379,0.7348993288590604,0.7322695035460993,0.3211009174311927,logreg,"{""C"": 10.0, ""max_iter"": 1000}",0.5805132815995833,0.5318636893022827,0.5805132815995833,0.5723947888224282
8,0.5651013670609376,0.7399527186761229,0.7568438003220612,0.7664172901080631,0.17204301075268819,xgboost,"{""learning_rate"": 0.1, ""max_depth"": 6, ""n_estimators"": 300}",0.5926520134123038,0.5628603757867809,0.5463015832577045,0.5926520134123038,0.6072070797795205,0.735224586288416,0.7501995211492418,0.7495826377295493,0.3218390804597701,xgboost,"{""learning_rate"": 0.1, ""max_depth"": 6, ""n_estimators"": 300}",0.62181512936293,0.6118354364635527,0.5550391756063026,0.62181512936293,0.6054530874373268,0.7171000788022065,0.7446259673258814,0.7661777394305436,0.3055555555555556,logreg,"{""C"": 10.0, ""max_iter"": 1000}",0.5840365746977252,0.5399708925807297,0.5840365746977252,0.5755431978123193
9,0.5622803595824227,0.7328605200945626,0.7554517133956387,0.7495711835334476,0.18181818181818182,xgboost,"{""learning_rate"": 0.1, ""max_depth"": 6, ""n_estimators"": 300}",0.5985669092417314,0.5649544094665069,0.5432050072170905,0.5985669092417314,0.6209627810020846,0.7155240346729709,0.7296,0.7246861924686192,0.40860215053763443,xgboost,"{""learning_rate"": 0.05, ""max_depth"": 6, ""n_estimators"": 300}",0.617201137983306,0.6024671231857075,0.5568643270824887,0.617201137983306,0.580842715468326,0.6808510638297872,0.7158992180712423,0.7241079199303743,0.3025210084033613,logreg,"{""C"": 10.0, ""max_iter"": 1000}",0.5764139100968103,0.5359425748094813,0.5764139100968103,0.5722626483318655
