fold,f1_macro_baseline,accuracy_baseline,f1_application_baseline,f1_helper_baseline,f1_extender_baseline,f1_macro_gridsearch,accuracy_gridsearch,f1_application_gridsearch,f1_helper_gridsearch,f1_extender_gridsearch,best_params_gridsearch,best_cv_score_gridsearch,f1_macro_smote,accuracy_smote,f1_application_smote,f1_helper_smote,f1_extender_smote,best_params_smote,best_cv_score_smote
0,0.4996524881845983,0.7320724980299448,0.75,0.7489574645537949,0.0,0.5057723627739766,0.710795902285264,0.7266982622432859,0.7290803645401823,0.06153846153846154,"{""class_weight"": ""balanced"", ""max_depth"": 10, ""min_samples_leaf"": 5, ""n_estimators"": 100}",0.5354368472270405,0.5552344671495052,0.7139479905437353,0.7327731092436974,0.7551525144270403,0.17777777777777778,"{""class_weight"": null, ""max_depth"": null, ""min_samples_leaf"": 5, ""n_estimators"": 200}",0.5555115968757878
1,0.5123896651953425,0.735224586288416,0.7576687116564417,0.7461669505962522,0.03333333333333333,0.5419056470610967,0.7218282111899134,0.7354330708661417,0.7387687188019967,0.15151515151515152,"{""class_weight"": ""balanced"", ""max_depth"": 10, ""min_samples_leaf"": 5, ""n_estimators"": 200}",0.536282270788302,0.5614256778251607,0.723404255319149,0.7442622950819672,0.7661016949152543,0.17391304347826086,"{""class_weight"": null, ""max_depth"": null, ""min_samples_leaf"": 5, ""n_estimators"": 500}",0.5549751883455685
2,0.5113043798179435,0.7336485421591804,0.7572964669738863,0.7438297872340426,0.03278688524590164,0.5698847516390262,0.7375886524822695,0.7586738627602159,0.7450980392156863,0.20588235294117646,"{""class_weight"": ""balanced"", ""max_depth"": 10, ""min_samples_leaf"": 5, ""n_estimators"": 500}",0.5269800067885767,0.5714940626195548,0.735224586288416,0.7653142402545744,0.7645525629887054,0.18461538461538463,"{""class_weight"": null, ""max_depth"": null, ""min_samples_leaf"": 1, ""n_estimators"": 500}",0.5509403636852293
3,0.5099009852954747,0.731284475965327,0.7492211838006231,0.7476948868398994,0.03278688524590164,0.5400662756468598,0.7202521670606777,0.7405696689761355,0.7303754266211604,0.14925373134328357,"{""class_weight"": ""balanced"", ""max_depth"": 10, ""min_samples_leaf"": 5, ""n_estimators"": 200}",0.5276047075397741,0.5842492444325035,0.7249802994483846,0.7440329218106996,0.760539629005059,0.24817518248175183,"{""class_weight"": null, ""max_depth"": null, ""min_samples_leaf"": 2, ""n_estimators"": 500}",0.5498498252779674
4,0.5088577122719866,0.7297084318360915,0.7474903474903475,0.7468247248094835,0.03225806451612903,0.5607172145580309,0.7249802994483846,0.7380766223612197,0.7411764705882353,0.2028985507246377,"{""class_weight"": ""balanced"", ""max_depth"": 10, ""min_samples_leaf"": 5, ""n_estimators"": 500}",0.5311513198334057,0.5545989503558559,0.7218282111899134,0.7481662591687042,0.766981943250215,0.14864864864864866,"{""class_weight"": null, ""max_depth"": 20, ""min_samples_leaf"": 2, ""n_estimators"": 500}",0.5526021604397182
5,0.5233345078010333,0.7360126083530338,0.755695208169678,0.7497921862011637,0.06451612903225806,0.5565142524314352,0.731284475965327,0.748006379585327,0.7450657894736842,0.17647058823529413,"{""class_weight"": ""balanced"", ""max_depth"": 10, ""min_samples_leaf"": 5, ""n_estimators"": 500}",0.5350736923702497,0.5505980115116441,0.7131599684791174,0.7386644682605111,0.7489504617968094,0.16417910447761194,"{""class_weight"": null, ""max_depth"": null, ""min_samples_leaf"": 5, ""n_estimators"": 200}",0.5510236695444235
6,0.5357732005651187,0.7541371158392435,0.7715179968701096,0.7712854757929883,0.06451612903225806,0.5341135772790448,0.7383766745468873,0.7513988808952837,0.76003276003276,0.09090909090909091,"{""class_weight"": ""balanced"", ""max_depth"": 10, ""min_samples_leaf"": 5, ""n_estimators"": 500}",0.5327963600374284,0.5633860782304893,0.723404255319149,0.7364016736401674,0.7677100494233937,0.18604651162790697,"{""class_weight"": null, ""max_depth"": null, ""min_samples_leaf"": 5, ""n_estimators"": 500}",0.5531315687125583
7,0.5089810203404038,0.7454688731284476,0.7643898695318496,0.7625531914893617,0.0,0.5439368473038884,0.7257683215130024,0.74364896073903,0.7389078498293515,0.14925373134328357,"{""class_weight"": ""balanced"", ""max_depth"": 10, ""min_samples_leaf"": 5, ""n_estimators"": 200}",0.5383495911079548,0.5333515582285402,0.7115839243498818,0.7322580645161291,0.7491525423728813,0.11864406779661017,"{""class_weight"": null, ""max_depth"": null, ""min_samples_leaf"": 2, ""n_estimators"": 500}",0.5550484006990521
8,0.5340518249965124,0.75177304964539,0.7678992918961448,0.770764119601329,0.06349206349206349,0.5235812589024698,0.7226162332545312,0.7377567140600316,0.7406793703396851,0.09230769230769231,"{""class_weight"": ""balanced"", ""max_depth"": 10, ""min_samples_leaf"": 5, ""n_estimators"": 500}",0.5332943621220609,0.5556421177979298,0.7241922773837668,0.7452596867271228,0.7616666666666667,0.16,"{""class_weight"": null, ""max_depth"": null, ""min_samples_leaf"": 1, ""n_estimators"": 500}",0.5547371665372948
9,0.4968710343192626,0.7281323877068558,0.7530487804878049,0.7375643224699828,0.0,0.5167089204389287,0.7131599684791174,0.7331786542923434,0.726039016115352,0.09090909090909091,"{""class_weight"": ""balanced"", ""max_depth"": 10, ""min_samples_leaf"": 5, ""n_estimators"": 200}",0.5338141101273814,0.5512877292627286,0.7139479905437353,0.7457898957497995,0.7426597582037997,0.16541353383458646,"{""class_weight"": null, ""max_depth"": null, ""min_samples_leaf"": 5, ""n_estimators"": 500}",0.5508940004602794
