fold,f1_macro_doc2vec,accuracy_doc2vec,f1_application_doc2vec,f1_helper_doc2vec,f1_extender_doc2vec,best_params_doc2vec,best_cv_score_doc2vec,f1_macro_sbert,accuracy_sbert,f1_application_sbert,f1_helper_sbert,f1_extender_sbert,best_params_sbert,best_cv_score_sbert,f1_macro_codebert,accuracy_codebert,f1_application_codebert,f1_helper_codebert,f1_extender_codebert,best_params_codebert,best_cv_score_codebert
0,0.5776573410821282,0.7304964539007093,0.7461224489795918,0.7582781456953642,0.22857142857142856,"{""learning_rate"": 0.1, ""max_depth"": 6, ""n_estimators"": 300}",0.5949828187023536,0.6224156206909788,0.7525610717100079,0.7636655948553055,0.7702479338842976,0.3333333333333333,"{""learning_rate"": 0.1, ""max_depth"": 6, ""n_estimators"": 300}",0.6197681300564974,0.5399007569420274,0.6619385342789598,0.696763202725724,0.7293906810035843,0.1935483870967742,"{""C"": 1.0, ""max_iter"": 1000}",0.5786733960555105
1,0.5961372947439808,0.7375886524822695,0.7534357316087308,0.7647058823529411,0.2702702702702703,"{""learning_rate"": 0.1, ""max_depth"": 6, ""n_estimators"": 300}",0.5882849218939038,0.6441753747714595,0.7375886524822695,0.7523809523809524,0.7453625632377741,0.43478260869565216,"{""learning_rate"": 0.05, ""max_depth"": 6, ""n_estimators"": 300}",0.6196236700577579,0.5820258904868122,0.7013396375098503,0.7286432160804021,0.7557522123893805,0.2616822429906542,"{""C"": 10.0, ""max_iter"": 1000}",0.5787335583235029
2,0.6194800610032926,0.7470449172576832,0.7660961695191524,0.7723440134907251,0.32,"{""learning_rate"": 0.1, ""max_depth"": 6, ""n_estimators"": 300}",0.5777687981490477,0.6887610915551031,0.75177304964539,0.7654901960784314,0.7534246575342466,0.5473684210526316,"{""learning_rate"": 0.1, ""max_depth"": 6, ""n_estimators"": 300}",0.60598216366118,0.5976971011420259,0.7029156816390859,0.7335581787521079,0.7447183098591549,0.3148148148148148,"{""C"": 10.0, ""max_iter"": 1000}",0.5815063056201255
3,0.5948510217005841,0.7194641449960599,0.7351263243683781,0.7443419949706622,0.3050847457627119,"{""learning_rate"": 0.1, ""max_depth"": 6, ""n_estimators"": 300}",0.5847259122494644,0.6427164808784862,0.7289204097714737,0.7438148443735035,0.7377326565143824,0.44660194174757284,"{""learning_rate"": 0.05, ""max_depth"": 6, ""n_estimators"": 300}",0.6138850622154118,0.5860608425125068,0.6879432624113475,0.725311203319502,0.7170818505338078,0.3157894736842105,"{""C"": 10.0, ""max_iter"": 1000}",0.5747734626518916
4,0.6029113328291356,0.7415287628053585,0.7591240875912408,0.7709213863060017,0.2786885245901639,"{""learning_rate"": 0.1, ""max_depth"": 6, ""n_estimators"": 300}",0.5828875116736694,0.6439204765678214,0.7415287628053585,0.7621247113163973,0.7441048034934498,0.425531914893617,"{""learning_rate"": 0.1, ""max_depth"": 6, ""n_estimators"": 300}",0.6070162038054987,0.5615885021687861,0.6666666666666666,0.6900085397096499,0.7204206836108676,0.2743362831858407,"{""C"": 10.0, ""max_iter"": 1000}",0.578328290764381
5,0.5934184470211523,0.7438928289992119,0.7636363636363637,0.771004942339374,0.24561403508771928,"{""learning_rate"": 0.1, ""max_depth"": 6, ""n_estimators"": 300}",0.5846677553188793,0.6143961010792798,0.7501970055161544,0.7658536585365854,0.7640816326530612,0.3132530120481928,"{""learning_rate"": 0.1, ""max_depth"": 6, ""n_estimators"": 300}",0.6214439396678137,0.5584417906593638,0.677698975571316,0.7186147186147186,0.7307692307692307,0.22594142259414227,"{""C"": 10.0, ""max_iter"": 1000}",0.5830159808859693
6,0.6052469759108515,0.7438928289992119,0.7520661157024794,0.7779605263157895,0.2857142857142857,"{""learning_rate"": 0.1, ""max_depth"": 6, ""n_estimators"": 300}",0.5863505325628935,0.6352098104793757,0.7438928289992119,0.7568,0.7575250836120402,0.391304347826087,"{""learning_rate"": 0.05, ""max_depth"": 6, ""n_estimators"": 300}",0.6099836509917947,0.5836014169330069,0.6997635933806147,0.7338003502626971,0.7491467576791809,0.26785714285714285,"{""C"": 10.0, ""max_iter"": 1000}",0.5836613463147257
7,0.5981353156777073,0.7423167848699763,0.7661927330173776,0.7627264883520276,0.26548672566371684,"{""learning_rate"": 0.1, ""max_depth"": 6, ""n_estimators"": 300}",0.5912665858694022,0.6141203699714438,0.7423167848699763,0.7601880877742947,0.7527612574341547,0.32941176470588235,"{""learning_rate"": 0.1, ""max_depth"": 6, ""n_estimators"": 300}",0.6211099629527942,0.5960899166121175,0.698187549251379,0.7348993288590604,0.7322695035460993,0.3211009174311927,"{""C"": 10.0, ""max_iter"": 1000}",0.5805132815995833
8,0.6029049689239591,0.7423167848699763,0.7559966914805625,0.7720164609053498,0.2807017543859649,"{""learning_rate"": 0.1, ""max_depth"": 6, ""n_estimators"": 300}",0.5891022737641272,0.6072070797795205,0.735224586288416,0.7501995211492418,0.7495826377295493,0.3218390804597701,"{""learning_rate"": 0.1, ""max_depth"": 6, ""n_estimators"": 300}",0.62181512936293,0.6054530874373268,0.7171000788022065,0.7446259673258814,0.7661777394305436,0.3055555555555556,"{""C"": 10.0, ""max_iter"": 1000}",0.5840365746977252
9,0.5824985686193648,0.7257683215130024,0.747410358565737,0.7521514629948365,0.24793388429752067,"{""learning_rate"": 0.1, ""max_depth"": 6, ""n_estimators"": 300}",0.5812661129406397,0.6209627810020846,0.7155240346729709,0.7296,0.7246861924686192,0.40860215053763443,"{""learning_rate"": 0.05, ""max_depth"": 6, ""n_estimators"": 300}",0.617201137983306,0.580842715468326,0.6808510638297872,0.7158992180712423,0.7241079199303743,0.3025210084033613,"{""C"": 10.0, ""max_iter"": 1000}",0.5764139100968103
