experiment_id,phase,model,features,seed,params,param_grid,val_accuracy,val_f1_macro,val_f1_application,val_f1_helper,val_f1_extender,test_accuracy,test_f1_macro,test_f1_application,test_f1_helper,test_f1_extender,notes,timestamp
d2ac1ac9,4,RandomForest,doc2vec_100,42,"{""n_estimators"": 100, ""max_depth"": null, ""min_samples_leaf"": 1, ""class_weight"": null}",,0.7253151260504201,0.5021923009630922,0.7465578786333503,0.7380410022779044,0.0219780219780219,0.7179621848739496,0.4903401933178776,0.7363494539781591,0.7346711259754738,0.0,baseline_default_params,2026-06-13T11:23:28.507018
018ed2b3,4,RandomForest,doc2vec_100,42,"{""class_weight"": ""balanced"", ""max_depth"": 10, ""min_samples_leaf"": 5, ""n_estimators"": 200}","{""n_estimators"": [100, 200, 500], ""max_depth"": [null, 10, 20], ""min_samples_leaf"": [1, 2, 5], ""class_weight"": [null, ""balanced""]}",0.7263655462184874,0.5352661574113627,0.7485684539302446,0.7360178970917226,0.1212121212121212,0.7095588235294118,0.5117319808234814,0.7273673257023934,0.7236180904522613,0.0842105263157894,gridsearchcv_cv_f1_macro=0.5325,2026-06-13T11:58:04.439355
50fa0ee9,4,RandomForest+SMOTE,doc2vec_100,42,"{""class_weight"": null, ""max_depth"": 20, ""min_samples_leaf"": 1, ""n_estimators"": 500}","{""n_estimators"": [100, 200, 500], ""max_depth"": [null, 10, 20], ""min_samples_leaf"": [1, 2, 5], ""class_weight"": [null, ""balanced""]}",0.7326680672268907,0.5520503713526695,0.7574334898278561,0.7505694760820045,0.1481481481481481,0.7216386554621849,0.5587421520473709,0.7453874538745388,0.7403628117913832,0.1904761904761904,smote+gridsearchcv_cv_f1_macro=0.5473,2026-06-13T12:07:36.287369
9679f054,5,RandomForest+SMOTE,doc2vec_100,42,"{""class_weight"": null, ""max_depth"": 20, ""min_samples_leaf"": 1, ""n_estimators"": 500}","{""n_estimators"": [100, 200, 500], ""max_depth"": [null, 10, 20], ""min_samples_leaf"": [1, 2, 5], ""class_weight"": [null, ""balanced""]}",0.7326680672268907,0.5520503713526695,0.7574334898278561,0.7505694760820045,0.1481481481481481,0.7216386554621849,0.5587421520473709,0.7453874538745388,0.7403628117913832,0.1904761904761904,fase_a_cv_f1_macro=0.5473,2026-09-04T16:12:01.860327
d9773bf9,5,LogisticRegression+SMOTE,doc2vec_100,42,"{""C"": 0.1, ""max_iter"": 1000}","{""C"": [0.01, 0.1, 1.0, 10.0], ""max_iter"": [1000]}",0.4842436974789916,0.4408824576419114,0.550948699929726,0.6223118279569892,0.1493868450390189,0.4989495798319328,0.453102099269488,0.5732217573221757,0.6201859229747676,0.1658986175115207,fase_a_cv_f1_macro=0.5380,2026-09-04T16:12:03.122305
91d0ca1e,5,XGBoost+SMOTE,doc2vec_100,42,"{""learning_rate"": 0.1, ""max_depth"": 6, ""n_estimators"": 300}","{""n_estimators"": [100, 300], ""max_depth"": [3, 6], ""learning_rate"": [0.05, 0.1]}",0.7352941176470589,0.5628206624394335,0.7567849686847599,0.7498588368153586,0.1818181818181818,0.726890756302521,0.5766368473850484,0.7434666666666667,0.7425414364640884,0.2439024390243902,fase_a_cv_f1_macro=0.5815,2026-09-04T16:13:21.450036
29ae9057,5,RandomForest+SMOTE,sbert_384,42,"{""class_weight"": null, ""max_depth"": 10, ""min_samples_leaf"": 1, ""n_estimators"": 500}","{""n_estimators"": [100, 200, 500], ""max_depth"": [null, 10, 20], ""min_samples_leaf"": [1, 2, 5], ""class_weight"": [null, ""balanced""]}",0.6901260504201681,0.5699412810823018,0.7148014440433214,0.6957026713124274,0.2993197278911564,0.7095588235294118,0.5975485629120693,0.7364016736401674,0.7147806004618937,0.3414634146341463,fase_a_cv_f1_macro=0.5895,2026-09-04T16:29:39.212908
b45c1699,5,LogisticRegression+SMOTE,sbert_384,42,"{""C"": 1.0, ""max_iter"": 1000}","{""C"": [0.01, 0.1, 1.0, 10.0], ""max_iter"": [1000]}",0.657563025210084,0.556638839264854,0.693900391717963,0.6894117647058824,0.2866043613707165,0.6517857142857143,0.5603852791333964,0.6832083092902481,0.6902552204176334,0.3076923076923077,fase_a_cv_f1_macro=0.5426,2026-09-04T16:29:44.566614
b5c8dd2c,5,XGBoost+SMOTE,sbert_384,42,"{""learning_rate"": 0.1, ""max_depth"": 6, ""n_estimators"": 300}","{""n_estimators"": [100, 300], ""max_depth"": [3, 6], ""learning_rate"": [0.05, 0.1]}",0.7190126050420168,0.5767091853789986,0.7387012987012987,0.7291311754684838,0.2622950819672131,0.7305672268907563,0.6375232400351519,0.7472178060413355,0.7357222844344905,0.4296296296296296,fase_a_cv_f1_macro=0.5985,2026-09-04T16:34:28.781104
a54874f0,5,RandomForest+SMOTE,codebert_768,42,"{""class_weight"": null, ""max_depth"": 20, ""min_samples_leaf"": 5, ""n_estimators"": 500}","{""n_estimators"": [100, 200, 500], ""max_depth"": [null, 10, 20], ""min_samples_leaf"": [1, 2, 5], ""class_weight"": [null, ""balanced""]}",0.6696428571428571,0.5339046365494883,0.692987012987013,0.6761687571265679,0.2325581395348837,0.6911764705882353,0.5573319947626725,0.7130254281266217,0.6994285714285714,0.2595419847328244,fase_a_cv_f1_macro=0.5083,2026-09-04T16:58:39.488727
d955e673,5,LogisticRegression+SMOTE,codebert_768,42,"{""C"": 10.0, ""max_iter"": 1000}","{""C"": [0.01, 0.1, 1.0, 10.0], ""max_iter"": [1000]}",0.6822478991596639,0.568513251307631,0.7211646136618141,0.7229769639692853,0.2613981762917933,0.7064075630252101,0.5973049709642058,0.7441860465116279,0.7364705882352941,0.3112582781456953,fase_a_cv_f1_macro=0.5695,2026-09-04T17:00:59.776421
6919ec34,5,XGBoost+SMOTE,codebert_768,42,"{""learning_rate"": 0.1, ""max_depth"": 6, ""n_estimators"": 300}","{""n_estimators"": [100, 300], ""max_depth"": [3, 6], ""learning_rate"": [0.05, 0.1]}",0.7116596638655462,0.5579163722840931,0.7298728813559322,0.7284916201117319,0.2153846153846154,0.7142857142857143,0.5833910330145581,0.7328405491024287,0.7274774774774775,0.2898550724637681,fase_a_cv_f1_macro=0.5488,2026-09-04T17:12:52.171275
