repo_id,name,label,confidence,reasoning,manual_label
quarto-dev/quarto-cli,quarto-cli,application,0.95,"Quarto-cli é um executável standalone com releases distribuídos (badges de build instaladores); é uma ferramenta de CLI que usuários finais executam diretamente para publicar documentos científicos, não é importada como dependência",application
be5invis/sarasa-gothic,sarasa-gothic,application,0.95,"Sarasa Gothic é uma fonte tipográfica completa e independente consumida diretamente por usuários finais (designers, desenvolvedores); não é uma biblioteca importável como dependência nem um plugin que depende de um host específico.",application
lllyasviel/style2paints,style2paints,application,0.9,"Software com versões lançadas (V4.5, V5) disponível para download direto no Windows; usuário final usa como ferramenta independente, não como dependência importável ou plugin hospedeiro.",application
wojtekmaj/react-lifecycle-methods-diagram,react-lifecycle-methods-diagram,application,0.95,"É um diagrama interativo web (mencionado 'Online version' com URL) que o usuário final executa diretamente pelo navegador; README mostra como usar o diagrama (clicar em métodos), não como importar em código.",application
lynx-family/lynx,lynx,application,0.75,"Lynx é um navegador/engine web standalone (lynxjs.org), com 14K+ estrelas e releases estáveis, usado por usuários finais diretamente—não uma biblioteca importada como dependência nem plugin de host específico.",application
johang/btfs,btfs,application,0.98,"Ferramenta CLI standalone com instalação via package managers (apt, brew, pacman, dnf) e interface direta com usuário final ($ btfs video.torrent mnt) — é um produto executável que o usuário monta e usa diretamente",application
roundcube/roundcubemail,roundcubemail,application,0.95,"Roundcube é uma solução completa de webmail que funciona independentemente; usuários finais a usam diretamente como cliente de email web, não como biblioteca ou plugin.",application
mediabrowser/emby,emby,application,0.95,"Emby é um servidor de mídia pessoal que o usuário final executa diretamente em seu dispositivo; embora tenha uma REST API e bibliotecas clientes, o repositório em si é o produto principal (servidor) que funciona como aplicação standalone, não uma biblioteca para ser importada no código alheio.",application
borgbackup/borg,borg,application,0.95,"BorgBackup é um programa standalone de backup que o usuário final executa diretamente para gerenciar e fazer backups de dados; não é biblioteca importada, plugin ou recurso educacional.",application
letta-ai/letta,letta,application,0.85,"Letta é uma solução completa com CLI standalone (Letta Code) que usuários finais podem executar diretamente para criar e rodar agentes AI localmente, funcionando de forma independente; embora ofereça API para integração, o posicionamento primário é como produto para usuário final, não como biblioteca de importação.",application
samolego/Canta,Canta,application,0.99,"App Android com seção Download no README (F-Droid), interface direta para usuário final (desinstalador de apps), e ícone de launcher — produto standalone executado pelo usuário",application
alibaba/jstorm,jstorm,application,0.85,"JStorm é uma plataforma independente de processamento distribuído em tempo real (fork do Apache Storm), deployada como sistema standalone, não importada como dependência de library",application
thoughtbot/laptop,laptop,application,0.95,Script autossuficiente executado diretamente por desenvolvedores para configurar seu ambiente de desenvolvimento; não é uma biblioteca importada como dependência nem um plugin que depende de um host específico.,application
infinityloop1308/pipepipe,pipepipe,application,0.95,"App Android com download direto em F-Droid e IzzyOnDroid; interface de usuário completa para reprodução de vídeos (YouTube, BiliBili); produto executável que o usuário final instala e usa diretamente.",application
qiin2333/foundation-sunshine,foundation-sunshine,application,0.92,"Software executável de game streaming para Windows com features próprias (HDR 10+, virtual display, encoder otimizado); usuário final executa diretamente como produto standalone, não como biblioteca importada ou plugin dependente de host",application
xfangfang/macast,macast,application,0.85,"Macast é um aplicativo Python standalone com 4.6k stars que funciona como receptor de casting de mídia (DLNA/AirPlay), usado diretamente por usuários finais como solução completa e independente, não como biblioteca ou plugin.",application
astral-sh/rye,rye,application,0.95,"Rye é uma ferramenta CLI standalone que o usuário final executa diretamente para gerenciar projetos Python; tem interface com usuário final e verbo de uso 'manage', não é biblioteca a importar ou plugin",application
alibaba/dragonwell8,dragonwell8,application,0.85,"Dragonwell8 é uma distribuição JDK completa e independente (derivada do OpenJDK) que desenvolvedores usam diretamente como runtime, não uma biblioteca importada como dependência nem uma extensão de sistema hospedeiro.",application
easydiffusion/easydiffusion,easydiffusion,application,0.95,"README menciona '1-click install' e 'download button for your operating', indicando produto executado diretamente pelo usuário final; 'Does not require technical knowledge' confirma direcionamento a usuários finais, não desenvolvedores; é interface standalone com Stable Diffusion",application
alibaba/otter,otter,application,0.88,Produto standalone desenvolvido pela Alibaba com ciclo próprio de build (mvn clean install) e implantação em cluster de 80+ máquinas; não é biblioteca para importação nem plugin/extensão dependente de host,application
marticliment/WingetUI,WingetUI,application,0.95,"WingetUI é uma aplicação desktop GUI completa que usuários finais utilizam diretamente para gerenciar pacotes no Windows; funciona independentemente como produto executável, não é uma biblioteca importável nem um plugin dependente de host específico.",application
runfinch/finch,finch,application,0.7,"Finch é um container runtime/CLI (ferramenta executada diretamente pelo usuário), não uma biblioteca importável; presença de PkgGoDev não invalida isso (muitos CLIs Go são módulos publicados), mas README truncado reduz certeza",application
volatilityfoundation/volatility3,volatility3,application,0.95,"Framework de linha de comando executado diretamente por usuários finais (analistas forenses) para extrair artefatos de memória RAM — ferramenta standalone com interface CLI, não biblioteca importada",application
wuhaoyu1990/magiccamera,magiccamera,application,0.95,"Camera APP Android standalone com interface GUI, filtros em tempo real e editor de imagem que o usuário final executa diretamente no dispositivo.",application
langchain-ai/local-deep-researcher,local-deep-researcher,application,0.95,"É um web research assistant completo que o usuário final usa diretamente — dá um tópico e recebe sumário markdown. Funciona de forma independente com Ollama/LMStudio como runtime, não como plugin/extensão.",application
google-labs-code/design.md,design.md,application,0.75,Um formato/especificação independente que usuários (desenvolvedores/designers) utilizam diretamente para comunicar design systems a agentes de codificação; funciona sem dependências de host específico e não é importado como biblioteca.,application
ambientrun/ambient,ambient,application,0.75,"Ambient é descrito como um 'runtime and platform' para criar e rodar jogos multiplayer — um produto executável que game developers usam diretamente. Apesar de ter uma API importável (ambient_api), a ênfase é ser um runtime/platform, não uma biblioteca de dependência.",application
lostdesign/webgems,webgems,application,0.9,webgems.io é um site Nuxt.js standalone deployado no Netlify que funciona como ferramenta para usuários finais descobrirem recursos; não é uma biblioteca importável nem um plugin/extensão.,application
artsy/eigen,eigen,application,0.75,"Link direto a iphone.artsy.net sugere aplicativo móvel completo; estado 'Production' e 3771 estrelas indicam solução standalone, não biblioteca importável como dependência",application
kubernetes-sigs/aws-load-balancer-controller,aws-load-balancer-controller,extender,0.95,Kubernetes controller que depende de um host específico (Kubernetes cluster) para funcionar; é um plugin/extensão que não executa sozinho nem funciona como biblioteca importável.,extender
6dylan6/jdpro,jdpro,extender,0.9,"Scripts JavaScript que dependem explicitamente de Qinglong (sistema hospedeiro específico) para funcionar; importados via 'ql repo' e gerenciados através da plataforma, não executáveis de forma independente.",extender
facebookarchive/nuclide,nuclide,extender,0.95,README diz explicitamente 'collection of features for Atom' — é uma extensão que depende do Atom (editor específico) como host obrigatório,extender
dillonzq/loveit,loveit,extender,0.98,"É um tema Hugo que depende especificamente do Hugo para funcionar; temas são extensões de um sistema hospedeiro (Hugo), não aplicações ou bibliotecas independentes.",extender
reacttraining/history,history,helper,0.95,"npm package com badge de publicação, descrito explicitamente como 'library' para gerenciar histórico de sessão, usado como dependência por React Router e outros frameworks JavaScript",helper
mistralai/mistral-src,mistral-src,helper,0.75,"Repositório oficial de código mínimo para rodar modelos Mistral que desenvolvedores importam como dependência em seus projetos; embora tenha Jupyter Notebooks para tutoriais, o uso primário é como biblioteca de inferência para integração em aplicações.",helper
encoredev/encore,encore,helper,0.8,"É uma framework que desenvolvedores importam como dependência para construir APIs e serviços distribuídos. Tem CLI para desenvolvimento local e é usado dentro do código do desenvolvedor, não é um produto final para usuário final.",helper
doctrine/inflector,inflector,helper,0.95,"Biblioteca PHP reutilizável para manipulação de strings (inflections), importada como dependência em projetos, não é aplicação standalone nem plugin/extensão.",helper
seleniumhq/selenium,selenium,helper,0.95,"Biblioteca de automação de browsers amplamente utilizada por desenvolvedores para testes e QA, importada como dependência em projetos",helper
adamwdraper/numeral-js,numeral-js,helper,0.95,"README explícita 'npm install numeral' com NPM/CDNJS badges; é uma biblioteca JavaScript publicada para ser importada como dependência em projetos, não um produto executável direto",helper
atlassian/react-beautiful-dnd,react-beautiful-dnd,helper,0.95,Biblioteca React para drag-and-drop importada como dependência por desenvolvedores; não é aplicação independente nem extensão de sistema hospedeiro.,helper
browserbase/stagehand,stagehand,helper,0.85,"Framework de automação de navegador baseado em IA, projetado como biblioteca/framework que desenvolvedores importam como dependência para automação e testes.",helper
rust-postgres/rust-postgres,rust-postgres,helper,0.98,"Biblioteca Rust publicada em crates.io (postgres e tokio-postgres) que fornece suporte PostgreSQL para desenvolvedores; importada como dependência em projetos, não é produto final nem plugin de host específico.",helper
triton-lang/triton,triton,helper,0.85,"Triton é uma linguagem/compilador para otimização de GPU kernels que desenvolvedores importam como dependência em projetos ML/AI; oferece wheels Python e documentação de API, características de biblioteca para desenvolvedores, não produto standalone ou plugin com dependência de host.",helper
quartz-scheduler/quartz,quartz,helper,0.95,"Quartz é uma biblioteca de agendamento de jobs que 'pode ser integrada dentro de virtualmente qualquer aplicação Java' — é uma dependência importada por outros desenvolvedores via Maven/Gradle, não um produto que o usuário final executa diretamente",helper
huanghaibin-dev/calendarview,calendarview,helper,0.88,Biblioteca Android de componentes de calendário que desenvolvedores importam como dependência em seus projetos; não é aplicação autossuficiente nem extensão de sistema hospedeiro específico,helper
jdepoix/youtube-transcript-api,youtube-transcript-api,helper,0.95,Biblioteca Python populares (7364 ⭐) que desenvolvedores importam como dependência para integrar acesso a transcrições do YouTube em seus projetos,helper
s-macke/voxelspace,voxelspace,helper,0.85,"Voxel Space é uma engine de renderização que desenvolvedores incorporam como biblioteca em seus projetos 3D; não é uma aplicação autossuficiente para usuário final, nem um plugin que dependa de host específico.",helper
ogaclejapan/smarttablayout,smarttablayout,helper,0.95,"Biblioteca Android publicada no Maven Central, instalada via build.gradle como dependência, com exemplo de uso em código — não é executada diretamente pelo usuário final, mas importada em aplicações Android.",helper
scratchfoundation/scratch-gui,scratch-gui,helper,0.85,"scratch-gui é um módulo/biblioteca publicado no NPM como @scratch/scratch-gui, projetado para ser importado como dependência por desenvolvedores, apesar de ser a GUI do Scratch (aplicação educacional); é um componente de um sistema maior, não uma aplicação independente.",application
tensorflow/tfjs-models,tfjs-models,helper,0.95,"Conjunto de modelos pré-treinados hospedados em NPM/unpkg para importação como dependência em projetos JavaScript/TypeScript; desenvolvedores integram em suas aplicações, não é um produto/host independente.",helper
nanohttpd/nanohttpd,nanohttpd,helper,0.95,"Biblioteca HTTP leve projetada explicitamente para ser importada e embutida em outras aplicações Java (embedding), não um aplicativo autossuficiente nem plugin de sistema específico.",helper
reacttraining/react-router,react-router,helper,0.95,"Publicada no npm como `react-router-dom`, instalada como dependência em projetos React, oferece funcionalidade de roteamento que desenvolvedores importam e usam em sua arquitetura",helper
zhpanvip/bannerviewpager,bannerviewpager,helper,0.92,"BannerViewPager é uma biblioteca Android reutilizável distribuída via JitPack; desenvolvedores a importam como dependência em seus projetos, não é uma solução independente para usuário final.",helper
markdoc/markdoc,markdoc,helper,0.88,Framework/toolchain markdown importado como dependência por desenvolvedores para criar sites de documentação customizados; não é aplicação independente para usuário final nem plugin/extensão que dependa de host específico.,helper
a-h/templ,templ,helper,0.78,"Templ é um template engine para Go installável como dependência (pkg.go.dev badge), projetado para ser importado em projetos Go, não um CLI standalone que o usuário instala e executa diretamente como produto final.",helper
uber-go/zap,zap,helper,0.95,"Zap é uma biblioteca de logging estruturado importada como dependência via `go get` em projetos Go; usuário primário é desenvolvedor, não usuário final.",helper
jenssegers/agent,agent,helper,0.95,"Pacote Packagist PHP importado como dependência em projetos (jenssegers/agent); biblioteca utilitária para desenvolvedores, não aplicação standalone nem plugin de host específico",helper
The-Pocket/PocketFlow-Tutorial-Codebase-Knowledge,PocketFlow-Tutorial-Codebase-Knowledge,other,0.95,"README explicitamente descreve como 'This is a tutorial project' e 'shows you how to build' — é um repositório de aprendizado/tutorial codebase, não um produto, biblioteca ou plugin executável",other
HackTricks-wiki/hacktricks,hacktricks,other,0.85,"HackTricks é primariamente uma wiki curada de conteúdo sobre técnicas de hacking/segurança. O Docker é apenas o meio de entregar localmente um repositório de referência/aprendizado, não um produto que resolve um problema do usuário final.",other
locomotivemtl/locomotive-scroll,locomotive-scroll,helper,0.95,Biblioteca JavaScript publicada no npm para developers usarem como dependência; não é aplicação independente nem plugin de host específico,helper
